code,prop_potatoes,prop_bananas,prop_soybeans,prop_cassava,prop_maize,prop_cocoa,prop_peas,prop_barley,prop_wheat
AFG,68.1228,,,,8.4519,,,5.8568,6.4446
AGO,21.1778,44.9266,0.4974,22.0905,2.2093,0.4683,,,3.5517
ALB,49.5109,,4.1418,,15.2495,,,8.1336,11.1205
ARE,41.4509,20.6671,,,30.7526,,,3.4315,3.6979
ARG,28.8394,32.7112,2.8198,14.2115,5.8587,,1.7208,3.0475,2.8216
ARM,56.2087,,,,15.8119,,5.711,6.2347,8.1098
ASM,,27.397,,71.1039,,1.4991,,,
ATG,,55.8534,,31.8585,12.2881,,,,
AUS,42.162,29.5078,2.4347,,6.4348,,1.6521,2.4274,2.3589
AUT,56.1757,,2.7401,,16.4688,,5.5785,8.7935,9.2537
AZE,43.421,,2.2426,,14.416,,5.6729,7.3592,8.1907
BDI,14.6395,23.622,3.4803,33.1092,4.5317,,3.9662,,2.8019
BEL,55.8985,,,,13.971,,5.149,9.6491,10.7344
BEN,17.5643,23.5565,2.0782,41.4358,4.3272,,,,
BFA,22.7668,,7.0157,41.4358,12.1191,,,,
BGD,31.7073,42.5678,1.039,,6.5945,,1.9654,1.8792,4.7556
BGR,40.0755,,3.8829,,13.4233,,5.0107,10.2884,11.0607
BHR,56.3306,43.6694,,,,,,,
BHS,,48.9144,,41.9159,9.1697,,,,
BIH,37.298,,7.35,,17.0517,,8.6343,11.3667,13.3476
BLR,55.2216,,,,12.5353,,7.1633,8.8791,9.4642
BLZ,13.7358,51.9965,2.1503,16.7373,5.0022,0.7238,1.3554,,
BMU,51.1336,48.8664,,,,,,,
BOL,13.9182,34.4945,4.0617,26.8632,4.5,1.4835,2.9886,1.8844,2.2327
BRA,27.8914,24.5638,3.6366,24.2271,4.653,0.8063,2.1822,3.2015,2.7489
BRB,,20.7798,,65.6877,7.4778,,,,
BRN,,19.996,,70.7368,,,,,
BTN,49.2327,,3.7801,,10.5769,,4.1526,7.1686,7.4985
BWA,,,,,17.2274,,,,82.7726
CAF,14.9422,44.7532,,23.585,6.239,0.3184,,,
CAN,54.6834,,6.1147,,17.4758,,4.8251,6.8669,5.552
CHE,62.3853,,2.5139,,13.4024,,4.1138,8.8974,8.6871
CHL,42.4968,,1.1449,,19.8497,,2.5404,9.5675,9.0046
CHN,19.7543,29.5371,2.1174,22.2713,5.987,,2.0143,3.9789,4.6492000000000004
CIV,0.114,73.6377,2.1087,14.4005,3.4439,1.3883,,,
CMR,11.4544,44.7734,1.4077,27.0823,4.0011,0.8524,,,2.4782
COD,23.2634,17.7686,3.1266,35.1217,3.5683,1.3632,1.9509,2.9956,4.6943
COG,28.3882,27.271,,30.4157,3.0403,1.5486,2.854,,
COK,,19.0642,,80.9358,,,,,
COL,21.1912,45.8238,2.9807,13.0494,2.6937,0.6638,1.3985,2.666,2.2777
COM,32.7926,29.1384,,23.529,7.7291,1.5496,,,
CPV,27.8597,50.807,,20.5945,0.7388,,,,
CRI,23.7965,56.2416,0.4096,12.076,2.2192,0.3233,,,
CUB,42.0579,35.3483,,10.6102,3.56,0.5974,,,
CYM,,42.1724,,57.8276,,,,,
CYP,41.9307,48.562,,,,,,3.2669,3.2386
CZE,53.1201,,3.9708,,14.9942,,5.6097,9.5973,11.3044
DEU,57.814,,1.7402,,12.9514,,4.7327,9.183,10.9045
DJI,,,,,89.3998,,,,
DMA,29.877,32.6656,,32.2621,4.5972,0.5981,,,
DNK,68.3698,,,,2.008,,7.194,9.624,12.8042
DOM,26.9226,45.9017,,12.0709,3.0384,0.7533,1.8404,,
DZA,49.0398,25.5285,,,7.0869,,1.822,3.1234,3.3374
ECU,18.5841,50.4784,2.975,13.0123,2.8715,0.5732,0.9466,1.4835,1.7334
EGY,26.8614,39.248,2.8188,,7.1724,,2.4268,3.1684,6.033
ERI,59.3998,,,,8.7045,,5.573,11.8655,10.387
ESH,,,,,,,,100,
ESP,25.2265,47.7666,2.3162,,8.4906,,1.284,2.7834,2.7124
EST,64.9893,,,,,,6.9088,10.2462,11.6041
ETH,34.3335,25.6464,4.5588,,8.3721,,3.7529,5.1709,6.3632
FIN,71.2554,,,,,,7.5917,10.3815,10.7714
FJI,18.9239,21.4094,,43.7131,7.3951,0.827,,,
FRA,52.041,,3.0162,,10.9427,,6.2641,8.0252,9.0714
FRO,100,,,,,,,,
FSM,,27.4662,,55.1969,7.892,2.1451,,,
GAB,,38.8505,3.5898,32.6144,9.9729,0.8615,,,
GBR,69.6561,,,,1.1899,,6.6629,9.8269,12.6642
GEO,54.383,,9.7778,,11.1395,,3.4565,7.1174,8.4273
GHA,,23.4747,0.8981,57.0183,6.9943,1.7501,,,
GIN,11.7644,26.2587,,42.9545,7.1579,2.1707,,,
GLP,5.204,58.9713,,33.8677,1.5672,0.3898,,,
GMB,,,,57.6303,19.1799,,,,
GNB,,38.6351,,46.8888,5.7152,,,,
GNQ,,57.83,,39.9829,,2.187,,,
GRC,31.479,25.4595,2.1448,,13.7796,,4.5796,4.138,4.2436
GRD,,25.2765,,54.8613,7.0198,5.2751,,,
GTM,24.7947,52.0213,2.7066,4.1745,2.865,1.9172,,3.0057,3.0073
GUF,,40.9828,0.1759,35.0115,12.6965,,,,
GUM,,88.08,,,11.92,,,,
GUY,,45.0666,0.33,27.8333,6.6115,0.9935,3.0397,,
HKG,,,,,,,,,
HND,18.2715,61.0542,1.4505,9.5455,2.1843,1.127,,,1.0449
HRV,40.173,,7.1008,,18.0331,,5.0781,10.7919,13.6279
HTI,49.4611,21.0784,,14.7176,3.035,1.7523,,,
HUN,46.3246,,4.393,,13.6305,,5.4118,8.8723,10.2527
IDN,18.6738,47.5946,1.6388,19.8434,3.7754,0.8358,,,
IND,21.4895,33.2308,1.2211,30.8185,2.3085,0.3802,1.196,2.2788,2.9709
IRL,60.3781,,,,,,7.6498,11.7684,14.4945
IRN,39.6008,31.1693,3.6479,,9.1241,,,2.7651,2.8777
IRQ,60.754,,3.6953,,8.5707,,,3.8206,4.5686
ISL,97.9421,,,,,,,2.0579,
ISR,37.0995,43.6779,,,14.4006,,1.2135,1.2297,2.3788
ITA,34.3993,20.7727,5.1882,,12.8005,,3.638,5.3101,5.2271
JAM,30.2842,19.571,,35.6002,3.0901,1.0345,2.2502,,
JOR,38.9994,38.0787,0.1887,,19.5513,,,1.3038,1.878
JPN,51.3808,11.4356,2.8572,,4.6791,,3.4174,5.8555,6.1229
KAZ,50.291,,5.6091,,14.7159,,3.5738,4.2588,3.7003
KEN,22.4883,31.2345,1.0548,21.7694,3.623,,,4.9494,4.2738
KGZ,48.6049,,3.2424,,17.9528,,2.646,6.2406,7.1636
KHM,,22.7871,4.9399,52.8942,8.8872,,,,
KIR,,100,,,,,,,
KNA,100,,,,,,,,
KOR,45.7552,8.7187,3.2067,,8.7131,,2.3739,7.1322,7.2824
KWT,60.2487,,,,28.8592,,,6.5217,4.3704
LAO,25.764,25.1073,2.3072,33.9241,5.7857,,,,
LBN,37.3142,42.8936,,,4.8157,,4.297,3.2232,3.9924
LBR,,56.2233,2.0296,34.8192,,0.9124,,,
LBY,54.5467,13.5886,,,7.0591,,8.3377,2.0912,3.0049
LCA,,70.8899,,20.9054,2.065,6.1398,,,
LKA,42.0301,0.0807,4.1324,33.2593,5.2186,1.7059,,,
LSO,83.9066,,,,4.314,,2.9939,1.9469,4.3653
LTU,50.5513,,,,13.1574,,6.6823,9.7041,12.9112
LUX,58.3471,,,,14.2641,,6.1603,10.0035,11.225
LVA,61.6194,,,,,,7.7568,9.0735,12.7536
MAR,36.4889,43.5939,1.4032,,1.4768,,1.2663,1.9344,2.5311
MDA,42.1296,,6.2386,,15.4254,,7.3969,10.5614,13.561
MDG,22.5774,24.0645,2.3721,24.438,4.328,2.2051,2.4086,,5.6858
MDV,,78.4051,,12.1042,9.4907,,,,
MEX,25.1611,32.5436,2.5061,19.8661,3.0265,0.7334,1.2196,2.7148,5.7753
MKD,39.9019,,3.0259,,12.2666,,6.7158,8.0589,8.8025
MLI,11.9884,68.3382,1.1056,12.2291,1.7659,,,,2.4359
MLT,62.4852,,,,,,,13.5044,15.5044
MMR,32.1552,,3.0427,38.6831,6.4138,,2.8115,0.3402,3.8806
MNE,44.9855,,,,12.0369,,7.9122,7.7685,9.5163
MNG,83.3063,,,,,,,8.0069,8.6868
MOZ,43.3595,25.7241,,19.5227,3.004,,,,4.3957
MRT,49.6169,,,,4.5602,,1.0771,8.1375,8.2275
MSR,33.1622,38.4732,,,28.3646,,,,
MTQ,,81.318,,18.4119,,0.2701,,,
MUS,31.386,32.5878,,24.6289,7.3429,,,,
MWI,27.4083,31.8947,0.6795,26.5636,3.6353,,0.7188,,3.5635
MYS,,45.6165,1.1779,35.5567,7.6769,1.9929,,,
NAM,41.2099,,,,14.0469,,,,39.5966
NCL,41.4975,13.7204,,23.6732,14.2003,,,,6.9085
NER,39.3985,,,41.518,2.6248,,0.6497,,5.8193
NGA,28.8772,,2.4688,46.1613,5.9301,1.4415,,,7.4503
NIC,14.3384,65.4229,1.8302,11.0287,1.5183,0.2753,,,
NIU,,36.9444,,63.0556,,,,,
NLD,59.3113,,,,11.4011,,6.2059,8.0101,10.5416
NOR,75.1405,,,,,,2.3696,10.3354,12.1545
NPL,34.811,32.499,2.7948,,7.4222,,,4.0375,6.3384
NZL,61.4794,,1.0423,,15.306,,4.9911,8.0015,9.1798
OMN,49.2694,33.0669,,,9.5547,,,2.0169,6.0921
OWID_CZS,52.3683,,0.9275,,13.4809,,6.1412,11.4719,12.4816
OWID_MNS,19.7675,35.3299,,27.6754,5.7242,1.0979,,,4.4011
OWID_PYA,35.8737,16.4423,,46.6516,,1.0325,,,
OWID_SRM,34.1978,,8.1643,,16.1799,,8.3704,10.1202,13.1814
OWID_USS,47.1261,,2.837,,12.4381,,5.1453,5.8421,5.8066
OWID_WRL,27.9117,26.2298,3.4268,17.3378,6.6858,0.714,2.5883,3.9522,4.0842
OWID_YGS,34.2889,,6.6799,,14.3239,,4.4311,8.3347,11.7875
PAK,46.2607,22.8845,2.325,,6.8222,,1.8059,2.77,6.3337
PAN,21.6537,59.0086,0.375,13.5878,1.7149,0.2677,,,
PER,23.307,13.4865,3.9181,28.3861,5.4255,1.3885,2.5211,2.7379,2.9184
PHL,29.6402,30.3475,2.901,22.4652,4.1117,1.3634,0.3175,,
PNG,15.2959,39.2144,,29.1032,8.6136,1.1849,,,
POL,55.4691,,1.0225,,13.7847,,5.6363,8.8032,9.9794
PRI,,62.2687,,19.3018,4.862,,,,
PRK,46.336,,4.4461,,14.6058,,,7.915,5.7281
PRT,25.9882,50.381,,,7.6196,,,2.3351,2.7857
PRY,14.8404,32.6071,4.3193,30.4381,4.4756,,1.6941,,3.1894
PSE,46.2275,45.1048,,,,,3.6463,2.2656,2.7558
PYF,28.2121,19.4845,,52.3034,,,,,
QAT,42.4562,,,,35.1566,,,13.3707,9.0165
REU,32.7249,20.6562,,24.2661,14.0798,,,,
ROU,46.7019,,4.9897,,11.1931,,5.0097,9.65,9.2379
RUS,44.8246,,3.7102,,12.0497,,5.5901,6.7003,7.1833
RWA,27.4308,13.5487,2.3918,31.5558,4.7882,,2.3182,0.5817,3.7604
SAU,60.0736,,,,8.9236,,,14.4901,13.7338
SDN,30.3859,48.1,,,2.7837,,,,4.9228
SEN,36.0062,43.7008,0.0876,11.9282,2.8564,,,,
SGP,,15.183,,84.817,,,,,
SLB,,19.1908,,65.1462,,2.2375,,,
SLE,,,,60.9452,11.3867,4.5013,8.0881,,
SLV,41.7591,2.4762,4.0841,31.6127,5.1833,1.4437,,,
SOM,,55.7781,,30.6401,3.0344,,,,0.6685
SRB,43.0644,,8.7948,,18.1902,,,11.6861,13.3374
SSD,,,,48.3031,7.2533,,,,
STP,,42.4228,,47.2971,9.3021,0.978,,,
SUR,,54.643,2.0566,30.3208,4.3627,0.2962,,,
SVK,46.792,,4.7981,,16.4224,,6.3272,10.1863,12.1121
SVN,48.8443,,5.5216,,16.0937,,6.5346,8.7943,10.1752
SWE,70.2014,,,,,,5.5535,9.1033,12.5626
SWZ,13.0083,40.155,,,7.3364,,,,11.7519
SYC,,67.7287,,32.2713,,,,,
SYR,34.3157,42.741,1.8925,,4.6919,,2.434,1.3606,3.3784
TCD,38.976,,,33.7095,6.685,,,,10.2586
TGO,,45.2348,0.4757,40.2789,4.2513,2.3427,,,
THA,22.5603,25.5326,2.5275,32.7761,5.8422,1.898,,1.821,0.9202
TJK,51.4128,,0.3755,,19.1072,,1.9902,3.4865,5.5768
TKL,,100,,,,,,,
TKM,67.3215,,,,6.2478,,7.2819,4.9766,7.8554
TLS,10.301,64.2485,2.3821,10.0769,3.9329,0.3226,,,
TON,,14.3655,,85.2675,,0.367,,,
TTO,,26.6085,,42.4005,17.6205,0.8434,,,
TUN,80.9376,,,,,,3.0093,5.1789,8.3587
TUR,31.2972,39.8926,3.4485,,6.1208,,3.0803,2.9605,2.8436
TWN,24.8417,28.2204,2.4579,24.3084,6.3017,,,0.7916,3.9474
TZA,22.4084,14.9695,2.2831,30.5272,5.0596,2.2985,1.4745,6.2518,5.4931
UGA,27.5876,16.085,3.454,28.2081,6.1154,0.6961,2.0546,,6.7503
UKR,41.1116,,4.5004,,13.1249,,5.85,7.4291,9.62
URY,40.5537,,5.8327,,9.0225,,7.7124,7.0652,7.0838
USA,47.2614,18.7686,3.1323,,9.9489,,2.7903,3.9585,3.3369
UZB,53.8185,,0.6243,,16.8255,,3.7906,4.0378,9.5865
VCT,,35.4909,,31.5597,31.5724,0.8771,,,
VEN,27.4436,33.9814,1.9722,19.5498,4.3462,0.5576,1.5748,,2.5385
VGB,,100,,,,,,,
VNM,27.6565,30.6138,2.1412,24.9024,5.1817,,,,
VUT,,92.1866,,,4.1378,3.6756,,,
WLF,,35.9116,,64.0884,,,,,
WSM,,26.7093,,71.8345,,1.4562,,,
YEM,48.7298,27.8019,,,6.3685,,3.2988,3.8656,5.5026
ZAF,38.6619,40.8228,2.1656,,4.4089,,1.8788,3.2727,3.0763
ZMB,37.7373,11.4816,3.6433,20.8099,5.7718,,,2.0397,15.3363
ZWE,39.9023,13.6857,4.2351,9.9504,3.1272,,,12.6469,10.3905
